{
  "project_info": {
    "project_number": "872312180347",
    "firebase_url": "https://emilio1.firebaseio.com",
    "project_id": "emilio1",
    "storage_bucket": "emilio1.appspot.com"
  },
  "client": [
    {
      "client_info": {
        "mobilesdk_app_id": "1:872312180347:android:0995831f8fce9e88719cde",
        "android_client_info": {
          "package_name": "com.example.emilio"
        }
      },
      "oauth_client": [
        {
          "client_id": "872312180347-eojc7mnv85n9pbk4kvhjspk9l36gvabt.apps.googleusercontent.com",
          "client_type": 3
        }
      ],
      "api_key": [
        {
          "current_key": "AIzaSyBDFQIbd5lmBsEn0CAZCPc191TaVIDzFPo"
        }
      ],
      "services": {
        "appinvite_service": {
          "other_platform_oauth_client": [
            {
              "client_id": "872312180347-eojc7mnv85n9pbk4kvhjspk9l36gvabt.apps.googleusercontent.com",
              "client_type": 3
            }
          ]
        }
      }
    }
  ],
  "configuration_version": "1"
}